Job Title,Company,Salary
Full Stack Developer - Remote,My Anime For Life,"Rs 40,000 - Rs 50,000 a month"
Full Stack Developer,CDOXS,Salary Not Provided
Full Stack Developer,Xavor Corporation,Salary Not Provided
Front End Developer,Sharp Brains,"Rs 70,000 - Rs 80,000 a month"
Front End Word press Developer,DM Flows,Salary Not Provided
Frontend Developer,2BTech,"Rs 60,000 - Rs 80,000 a month"
Full Stack Developer (Nodejs & Reactjs),CherryByte Technologies,Salary Not Provided
Mid-Level MERN Stack Developer,IDENBRID INC,"Rs 85,000 - Rs 125,000 a month"
Sr. Full Stack Developer,Excellence Delivered ExD,Salary Not Provided
Frontend Developer (Tailwind CSS),BearPlex,Salary Not Provided
Senior MERN Stack Developer,CIEL Technologies (Pvt) Ltd,Salary Not Provided
MERN Stack Developer,Nexols,Salary Not Provided
Full Stack PHP Developer,Convier Solutions,"Rs 40,000 - Rs 100,000 a month"
Full Stack developer Python/Dango,techorphic,Salary Not Provided
Senior MERN Stack Developer,Nexols,Salary Not Provided
Full Stack Web Developer with laravel,Root4tech,"Rs 20,000 - Rs 50,000 a month"
Full Stack Developer,Infostack Tech,Salary Not Provided
Full Stack / PHP Web Developer,Abaska Technologies,"Rs 60,000 - Rs 85,000 a month"
Senior Full Stack Developer,CureMD Healthcare,Salary Not Provided
Mern Stack Developer,Zepto Systems Limited,"Rs 85,000 - Rs 120,000 a month"
Full Stack Developer,Senew,Salary Not Provided
mern stack developer,ArbiSoft,"Rs 32,000 a month"
Full Stack Web Developer,KWS MIDDLE EAST,Salary Not Provided
Full Steak Web Developer,Nexcel Solutions LLC,"Rs 50,000 - Rs 70,000 a month"
Full-Stack Web Developer,7 Continents Travel,"Rs 50,000 a month"
Full Stack Developer (Angular & .NET),Speridian Technologies,Salary Not Provided
MERN STACK DEVELOPER,Asapp Studio,Salary Not Provided
Full Stack Developer,Speridian Technologies,Salary Not Provided
Full Stack Node.js and React Developer,Avanceon MEA,Salary Not Provided
Full Stack Developer,Byte Legion,Salary Not Provided
Senior MERN Stack Developer,CIEL HR Consultancy PVT LTD,Salary Not Provided
Software Architect,Xavor Corporation,Salary Not Provided
Senior Full Stack Developer,Trucksitan,Salary Not Provided
Full Stack .Net Developer,Hazen Technologies Inc.,Salary Not Provided
Full/Mern Stack Developer (MERN/AWS),DATAINVENT SYSTEMS,Salary Not Provided
Full Stack WordPress Developer,Napollo Software Design LLC.,"Rs 80,000 - Rs 120,000 a month"
Full Stack React Native Developer,TechTiz,Salary Not Provided
Full-Stack Developer,CodeEnlight,Salary Not Provided
Mern Stack developer,Devflovv,Salary Not Provided
Full Stack Developer,Shark Innovation Labs,Salary Not Provided
Full Stack Engineer,Promber,Salary Not Provided
PHP Full Stack Developer,LEADconcept,"Rs 80,000 a month"
Full stack developer (React+Laravel),Emploiscareer,Salary Not Provided
Full stack Developer,Orcalo Limited,Salary Not Provided
Full Stack Developer (React js / Laravel),ERS Tech,Salary Not Provided
Mern Developer,Phaedra Solutions,Salary Not Provided
Full Stack Developer,CodeAutomation.ai,Salary Not Provided
Full Stack (Angular + Dot Net Core) developer,NKU Technologies Pvt.Ltd.,Salary Not Provided
Mern Stack Development,BitsclanITSolutions,Salary Not Provided
Full Stack Python Developer (React/TypeScript + Python),CodeAutomation.ai,Salary Not Provided
Head of Software Engineering,Alethea AI,Salary Not Provided
Senior Full Stack Software Engineer - (Nest.js + React + MongoDB & MySQL),Satus Systems,Salary Not Provided
Back-End (NodeJS) Developer,Global Software Consulting,Salary Not Provided
T3 Stack Developer ( Junior Level ),Aspire HR Private Limited,"Rs 40,000 a month"
Full Stack Developer (Laravel/ Vue JS),MangoCoders,Salary Not Provided
Vue.JS Developer,Magnatec Systems Private Limited,Salary Not Provided
Intermediate / Senior Full Stack Developer (.NET) (Pakistan),Sellercloud,Salary Not Provided
Full Stack Developer (Laravel / CodeIgniter / WordPress) - 3 Years Exp,RedSpider Web & Art Design LLC,"Rs 100,000 a month"
MERN Developer,Appcrates,Salary Not Provided
Laravel Engineer,Greelogix,Salary Not Provided
Full Stack Developer,No Joke Marketing,Salary Not Provided
Full Stack WordPress Developer,IKONIC Solution,Salary Not Provided
"Laravel, Vue.js, Vuetify Front End Developer Ui/Ux - Remote",Devtech Holdings inc,"Rs 100,000 a month"
ELK Stack Python Developer,Absolute Solution,Salary Not Provided
.net Core / Angular Developer,Intelliscence - Software Development Company,Salary Not Provided
MERN Stack Developer,IDENBRID INC.,"Rs 80,000 - Rs 125,000 a month"
Block chain developer,Emploiscareer,Salary Not Provided
Senior Laravel Vue Developer,CMH Lahore Medical College,"Rs 90,000 - Rs 100,000 a month"
JavaScript Developer,"Cinnova Technologies, LLC",Salary Not Provided
Ruby on Rails Developer,Cloudpacer,Salary Not Provided
Team Lead (TL),ActiveKey Solutions,Salary Not Provided
Senior Back-End Developer,Global Software Consulting,Salary Not Provided
Sr. PHP Developer,A1Strategez,Salary Not Provided
PHP Laravel Developer,King Revolution Inc,"Rs 50,000 a month"
Microsoft Power Platform Developer,Softpers Interactive,Salary Not Provided
Senior Back End Developer - PHP/Laravel/CodeIgniter - Onsite,BMK Careers,Salary Not Provided
Mern developer,Emploiscareer,Salary Not Provided
Lead Mean Stake Developer,Aspire HR Private Limited,Salary Not Provided
Senior Software Developer Team Lead,Contour Software,Salary Not Provided
Lead Backend Engineer (PHP),Jeeny,Salary Not Provided
Senior Dynamics 365 Business Central Developer,Voyager Global Mobility,Salary Not Provided
